ID,Group,Failure type,Timing,Overall acceptance control,Overall acceptance failure,Overall acceptance change,Perceived usefulness control,Perceived usefulness failure,Perceived usefulness change,Ease of use control,Ease of use failure,Ease of use change,Attitude control,Attitude failure,Attitude change,Intention to use control,Intention to use failure,Intention to use change
1,1,Hardware,Late,5.725,3.725,-1.9999999999999996,5.5,1.5,-4.0,6.5,5.5,-1.0,4.9,4.4,-0.5,6.0,3.5,-2.5
2,2,Interaction,Late,5.4375,4.5625,-0.875,4.0,3.5,-0.5,5.75,4.75,-1.0,6.0,5.0,-1.0,6.0,5.0,-1.0
3,3,Hardware,Early,5.4875,5.4625,-0.024999999999999467,5.5,6.5,1.0,5.75,5.25,-0.5,5.7,6.1,0.39999999999999947,5.0,4.0,-1.0
4,4,Interaction,Early,6.55,5.825,-0.7249999999999996,7.0,5.5,-1.5,7.0,6.0,-1.0,6.2,5.8,-0.40000000000000036,6.0,6.0,0.0
5,1,Hardware,Late,3.9125,4.1375,0.2250000000000001,4.0,4.5,0.5,4.75,4.75,0.0,4.4,4.3,-0.10000000000000053,2.5,3.0,0.5
6,2,Interaction,Late,5.4625,3.15,-2.3125000000000004,6.0,2.0,-4.0,5.25,4.5,-0.75,4.1,3.1,-0.9999999999999996,6.5,3.0,-3.5
7,3,Hardware,Early,4.2375,4.25,0.012500000000000178,4.0,4.0,0.0,5.75,5.0,-0.75,4.7,4.0,-0.7000000000000002,2.5,4.0,1.5
8,4,Interaction,Early,5.3375,5.25,-0.08750000000000036,5.5,5.5,0.0,5.25,5.5,0.25,5.6,4.0,-1.5999999999999996,5.0,6.0,1.0
9,1,Hardware,Late,5.0375,4.8875,-0.14999999999999947,5.5,5.5,0.0,5.25,4.75,-0.5,5.4,5.3,-0.10000000000000053,4.0,4.0,0.0
10,2,Interaction,Late,5.8125,4.925,-0.8875000000000002,7.0,4.0,-3.0,5.75,5.0,-0.75,5.0,5.7,0.7000000000000002,5.5,5.0,-0.5
11,3,Hardware,Early,5.0625,4.775,-0.28749999999999964,4.5,5.5,1.0,5.25,5.0,-0.25,5.5,5.1,-0.40000000000000036,5.0,3.5,-1.5
12,4,Interaction,Early,5.4,5.725,0.3249999999999993,5.0,6.0,1.0,6.0,6.0,0.0,5.6,6.4,0.8000000000000007,5.0,4.5,-0.5
13,1,Hardware,Late,4.0375,3.8625,-0.17499999999999982,3.5,3.0,-0.5,5.75,6.25,0.5,4.9,5.2,0.2999999999999998,2.0,1.0,-1.0
15,1,Hardware,Late,3.05,2.7125,-0.3374999999999999,1.5,2.0,0.5,5.5,5.25,-0.25,3.7,2.6,-1.1,1.5,1.0,-0.5
16,4,Interaction,Early,5.875,4.9125,-0.9625000000000004,5.0,5.5,0.5,6.5,5.25,-1.25,6.5,5.4,-1.0999999999999996,5.5,3.5,-2.0
17,3,Hardware,Early,5.9,5.2375,-0.6625000000000005,6.0,5.5,-0.5,6.0,6.25,0.25,6.1,5.2,-0.8999999999999995,5.5,4.0,-1.5
18,2,Interaction,Late,5.8,6.025,0.22500000000000053,5.0,7.0,2.0,5.5,5.5,0.0,5.7,5.6,-0.10000000000000053,7.0,6.0,-1.0
19,3,Hardware,Early,4.9375,3.7375,-1.2000000000000002,4.0,4.0,0.0,5.75,4.75,-1.0,5.0,4.7,-0.2999999999999998,5.0,1.5,-3.5
20,4,Interaction,Early,4.2375,5.7875,1.5499999999999998,3.5,6.0,2.5,6.75,6.75,0.0,4.7,5.9,1.2000000000000002,2.0,4.5,2.5
21,1,Hardware,Late,6.5125,6.3125,-0.20000000000000018,7.0,6.5,-0.5,6.75,6.25,-0.5,6.3,6.5,0.20000000000000018,6.0,6.0,0.0
22,2,Interaction,Late,6.5375,6.85,0.3125,7.0,7.0,0.0,6.75,7.0,0.25,5.9,6.4,0.5,6.5,7.0,0.5
23,3,Hardware,Early,5.9125,5.8375,-0.07499999999999929,6.0,5.5,-0.5,6.75,6.25,-0.5,5.4,5.6,0.1999999999999993,5.5,6.0,0.5
24,3,Hardware,Early,6.0625,4.775,-1.2874999999999996,6.5,3.0,-3.5,5.25,5.0,-0.25,6.0,5.6,-0.40000000000000036,6.5,5.5,-1.0
25,1,Hardware,Late,5.275,4.6625,-0.6125000000000007,5.5,4.5,-1.0,6.5,5.75,-0.75,4.6,5.4,0.8000000000000007,4.5,3.0,-1.5
26,2,Interaction,Late,6.225,6.1625,-0.0625,6.0,6.5,0.5,6.5,6.25,-0.25,6.4,5.9,-0.5,6.0,6.0,0.0
27,3,Hardware,Early,4.7625,3.875,-0.8875000000000002,5.0,3.0,-2.0,5.75,5.0,-0.75,5.3,4.0,-1.2999999999999998,3.0,3.5,0.5
28,4,Interaction,Early,4.1375,4.8375,0.7000000000000002,3.5,5.0,1.5,6.25,5.75,-0.5,4.8,5.1,0.2999999999999998,2.0,3.5,1.5
29,2,Interaction,Late,6.85,5.95,-0.8999999999999995,7.0,5.0,-2.0,7.0,7.0,0.0,6.4,6.8,0.39999999999999947,7.0,5.0,-2.0
30,3,Hardware,Early,6.9125,6.2375,-0.6749999999999998,7.0,7.0,0.0,6.75,5.25,-1.5,6.9,6.7,-0.20000000000000018,7.0,6.0,-1.0
31,1,Hardware,Late,5.225,5.55,0.3250000000000002,5.5,5.5,0.0,6.5,6.0,-0.5,5.4,5.7,0.2999999999999998,3.5,5.0,1.5
34,4,Interaction,Early,4.8125,5.15,0.33750000000000036,5.0,5.5,0.5,6.25,6.0,-0.25,5.0,5.6,0.5999999999999996,3.0,3.5,0.5
35,2,Interaction,Late,5.3,5.775,0.47500000000000053,4.0,5.5,1.5,6.0,6.5,0.5,5.7,5.6,-0.10000000000000053,5.5,5.5,0.0
37,1,Hardware,Late,5.5125,4.4125,-1.1000000000000005,6.0,5.0,-1.0,6.25,5.75,-0.5,4.8,4.4,-0.39999999999999947,5.0,2.5,-2.5
38,4,Interaction,Early,4.35,4.0,-0.34999999999999964,4.0,3.0,-1.0,5.0,5.0,0.0,5.4,5.5,0.09999999999999964,3.0,2.5,-0.5
39,2,Interaction,Late,6.1625,5.8375,-0.3249999999999993,7.0,6.5,-0.5,6.25,5.75,-0.5,5.9,4.6,-1.3000000000000007,5.5,6.5,1.0
40,1,Hardware,Late,3.525,4.425,0.8999999999999999,3.0,4.0,1.0,5.5,5.5,0.0,3.6,5.2,1.6,2.0,3.0,1.0
41,3,Hardware,Early,6.1875,6.225,0.037499999999999645,5.5,6.0,0.5,6.75,6.5,-0.25,6.0,6.4,0.40000000000000036,6.5,6.0,-0.5
42,4,Interaction,Early,6.4625,5.65,-0.8125,7.0,5.5,-1.5,6.25,5.5,-0.75,6.6,6.1,-0.5,6.0,5.5,-0.5
43,2,Interaction,Late,4.625,3.95,-0.6749999999999998,4.0,2.0,-2.0,6.5,6.0,-0.5,5.5,4.8,-0.7000000000000002,2.5,3.0,0.5
44,4,Interaction,Early,3.8,3.35,-0.44999999999999973,3.0,2.0,-1.0,6.5,6.5,0.0,4.7,3.9,-0.8000000000000003,1.0,1.0,0.0
